Tier,Category,Flag Type,Entity,Confidence,Delta,Prior Quarter,Current Quarter,Implication
1,Pipeline,Asset Omission,XYZ-401,High,"Lead oncology asset completely absent from prepared remarks and Q&A","XYZ-401 remains our lead asset in oncology with Phase 3 data expected in H2 2025",,"Asset omission is a Tier 1 red flag because complete absence from prepared remarks and Q&A typically indicates strategic deprioritization or undisclosed setbacks. This pattern historically precedes program discontinuation announcements by 1-2 quarters. The red flag is triggered by the absence of previously emphasized assets, not just reduced mention."
1,Milestones,Timeline Vagueness,ABC-202,High,"Specific quarter removed, timeline broadened to full year","We expect to file the BLA for ABC-202 in Q2 2025","ABC-202 filing anticipated in 2025","Timeline vagueness is a Tier 1 red flag detected by removing specific timeframes (quarter → year). This pattern signals management uncertainty and often precedes explicit delays. The red flag is triggered when precise dates are replaced with broader windows, indicating internal timeline slippage not yet formally acknowledged."
1,Clinical,Enrollment Concern,SUMMIT-3,High,"Enrollment status shifted from ""on track"" to ""slowdown""","SUMMIT-3 enrollment is progressing well, on track for completion","We have seen some slowdown in SUMMIT-3 enrollment","Enrollment concern is a Tier 1 red flag detected by language shift from positive progress indicators (""on track"", ""progressing well"") to negative qualifiers (""slowdown"", ""challenges""). This pattern typically precedes formal enrollment delays and protocol amendments. The red flag captures the inflection point where management acknowledges recruitment issues."
1,Guidance,Revenue Cut,FY25 Revenue,High,"Revenue guidance reduced by $400M at midpoint (-9.5%)","We are reaffirming our FY25 guidance of $4.2–4.4B","We now expect FY25 revenue of $3.8–4.0B","Revenue guidance cut is a Tier 1 red flag detected by comparing guidance ranges between calls. A >5% reduction at midpoint signals material deterioration. This pattern historically precedes additional cuts in subsequent quarters. The red flag is triggered when guidance is explicitly lowered, not just maintained with caveats."
2,Commercial,Launch Tone Shift,Veloxar,High,"Tone shifted from ""exceeding expectations"" to ""slower than anticipated""","Veloxar launch is exceeding our expectations","Veloxar launch is progressing, though slower than initially anticipated","Launch tone shift is a Tier 2 red flag detected by comparing positive language (""exceeding expectations"") to negative qualifiers (""slower than anticipated""). This pattern typically precedes 1-2 quarter estimate revisions. The red flag captures the inflection point where management acknowledges commercial headwinds, often before they appear in financial results."
2,Organization,Executive Departure,CMO,High,"CMO departure announced during critical Phase 3 readout period","Dr. Sarah Chen, CMO, participated in Q&A","I want to thank Dr. Chen for her contributions. We have initiated a search for her successor.","Executive departure is a Tier 2 red flag, particularly when occurring during critical periods (pivotal readouts, regulatory submissions). The red flag is triggered by the announcement itself, as leadership transitions during inflection points create execution risk. This pattern often correlates with strategic disagreements or operational challenges not yet disclosed."
2,Partnership,Partner Uncertainty,Roche Partnership,Medium,"Language shifted from ""committed"" to ""ongoing discussions""","We are committed to advancing the program with Roche","We are in ongoing discussions with Roche regarding terms","Partner uncertainty is a Tier 2 red flag detected by language shift from commitment (""committed"", ""advancing"") to negotiation (""ongoing discussions"", ""evaluating""). This pattern often precedes partnership terminations or milestone payment delays. The red flag captures when management acknowledges partnership instability, typically before formal announcements."
3,Confidence,Qualifier Increase,Data Readouts,Medium,"Confidence language shifted from definitive to hedged","We will deliver three data readouts this year","We believe we are positioned to potentially deliver","Qualifier increase is a Tier 3 red flag detected by counting hedging language (""believe"", ""potentially"", ""may"") versus definitive statements (""will"", ""expect""). Increased qualifiers signal eroding internal confidence. This pattern often precedes missed milestones or delays. The red flag quantifies the shift in management certainty through language analysis."
4,Metrics,KPI Omission,NBRx Market Share,Medium,"Previously reported NBRx share metric omitted from current call","Our NBRx market share reached 24%",,"KPI omission is a Tier 4 red flag detected by comparing disclosed metrics between calls. Removal of previously reported KPIs typically indicates unfavorable trends. This pattern follows the principle that management discloses favorable metrics and omits unfavorable ones. The red flag is triggered by the absence of previously emphasized metrics, not just reduced detail."

